"last_name","desc"
"Breugel","161"
"Maierhofer","199"
"Spinelli","189"
"Birrer","180"
"DasSarma","185"
"Ariola","182"
"Cronau","181"
"Liedekerke","186"
"Naudin","183"
"Panangaden","205"
"Yeung","187"
"Figueira","178"
"Fargier","200"
"Muniz","172"
"Kambil","191"
"Irland","194"
"Hiraishi","194"
"Jonsson","197"
"Camurati","195"
"Bruckman","191"
"Mandell","218"
"Fendler","175"
"Angelov","174"
"Niizuma","163"
"Guardalben","148"
"Manders","195"
"Leijenhorst","163"
"Matteis","175"
"Cichocki","165"
"Iacovou","186"
"Thimonier","192"
"Katzenelson","188"
"Salvesen","194"
"Staudhammer","181"
"Krybus","201"
"Manderick","189"
"Menhardt","183"
"Waterhouse","183"
"Bain","186"
"Mamelak","162"
"Zeleznik","177"
"Greibach","176"
"McClurg","200"
"Docker","194"
"Benveniste","178"
"Rosti","155"
"Delgrossi","188"
"Lupu","179"
"Rosin","195"
"Pettit","182"
"Solares","216"
"Erol","180"
"Kitsuregawa","211"
"Butterworth","168"
"Hanabata","189"
"Adachi","221"
"Nastansky","185"
"Axelband","155"
"Heystek","200"
"McAlpine","172"
"Dayana","163"
"Onuegbe","205"
"Rijsenbrij","169"
"Wielonsky","160"
"Covnot","180"
"Veccia","164"
"Marwedel","166"
"Wissmann","175"
"DuCasse","177"
"Ushiama","182"
"Kaltofen","184"
"Sidje","163"
"Ebeling","169"
"Benzaken","165"
"Mahnke","216"
"Gischer","165"
"Minakawa","169"
"Krider","158"
"Langford","195"
"Cromarty","167"
"Michaels","199"
"Stemann","162"
"Zlotek","182"
"Sinitsyn","178"
"Narwekar","188"
"Domenig","200"
"Cronan","181"
"Ruemmler","177"
"Gyorkos","168"
"Sethi","186"
"DeMori","205"
"Soicher","202"
"Nitsche","177"
"Birke","182"
"Valiente","175"
"Pokrovskii","214"
"Haddadi","191"
"Schoegge","174"
"Mundy","162"
"Comyn","171"
"Anguita","161"
"Gils","189"
"Guerreiro","163"
"Ramamoorthy","179"
"Chenney","209"
"Slaats","163"
"Rosaz","214"
"Schiper","198"
"Munoz","183"
"Kaelbling","200"
"Tsunoo","175"
"Beeson","172"
"Bridgland","187"
"Verhaegen","182"
"Mansanne","183"
"Chepyzhov","196"
"Falck","176"
"Attimonelli","178"
"Peternell","173"
"Perez","201"
"Karcich","197"
"Herbst","203"
"Perry","188"
"Butner","193"
"Olivero","176"
"Perfilyeva","189"
"Marakhovsky","205"
"Chinal","175"
"Ghandeharizadeh","203"
"Bade","172"
"Tibblin","160"
"Rosis","193"
"Baalen","180"
"Kandlur","166"
"Menhoudj","192"
"Braunmuhl","206"
"Strandh","190"
"Bernardeschi","201"
"Haldar","183"
"Jervis","190"
"Conta","203"
"Narahara","185"
"Angelopoulos","207"
"Gimarc","173"
"Streit","168"
"Lubachevsky","202"
"Zirintsis","188"
"Zallocco","198"
"Plessier","191"
"Dahlbom","181"
"Koshino","186"
"Mattern","180"
"Plotkin","171"
"Lieblein","179"
"Otillio","200"
"Beilner","179"
"Rahimi","189"
"Siksek","213"
"Weisert","197"
"Oskamp","174"
"Kalloufi","195"
"Socorro","167"
"Schurmann","175"
"Kisuki","192"
"Rosca","184"
"Skrikant","175"
"Shihab","187"
"Iisaku","175"
"Slutz","161"
"Zhiwei","177"
"Facello","186"
"Czap","190"
"Suri","190"
"Fordan","174"
"Parhami","189"
"Bodoff","191"
"Kropatsch","175"
"Stellhorn","180"
"Henders","183"
"Zumaque","195"
"Bonifati","189"
"Shackel","189"
"Plavsic","185"
"Matzke","177"
"Giveon","186"
"Rando","177"
"Straney","183"
"Farrow","166"
"Orlowska","173"
"Sooriamurthi","185"
"Lortz","182"
"Chvatal","193"
"Isaac","184"
"Beausoleil","175"
"Uchoa","177"
"Rebaine","178"
"Lundstrom","186"
"Dratva","184"
"Awdeh","187"
"Foote","206"
"Demir","178"
"Bahk","192"
"Gire","167"
"Motley","179"
"Cools","195"
"Feldmann","184"
"Schnabel","160"
"Prenel","179"
"Bottner","183"
"Zaccaria","189"
"Melton","193"
"Rettelbach","183"
"Journel","169"
"Azumi","191"
"Speel","192"
"Erie","180"
"Weedon","184"
"Heemskerk","184"
"Gerlach","209"
"Welham","184"
"Oxenboll","183"
"Perng","206"
"Kuzuoka","181"
"Piazza","170"
"Halloran","176"
"Klyachko","179"
"Rohrbach","182"
"Zongker","192"
"Ernst","178"
"Riexinger","204"
"Calkin","160"
"Beznosov","187"
"Maliniak","192"
"Reeker","164"
"Czaja","177"
"Kroll","182"
"Paludetto","183"
"Honglei","184"
"Demke","175"
"Shigei","153"
"Malinowski","204"
"Sadowski","196"
"Billawala","189"
"Willoner","185"
"Kalafatis","180"
"Luke","176"
"Fabrizio","180"
"Penttonen","203"
"Osgood","220"
"Swick","204"
"Massonet","184"
"Junot","169"
"Brookner","199"
"Lanphier","205"
"Kalefeld","172"
"Khasidashvili","209"
"Terekhov","185"
"Cronin","180"
"Krupka","177"
"Stranks","166"
"Bellone","183"
"Hutton","192"
"Rotem","172"
"Merks","199"
"Remmele","194"
"Kavraki","182"
"Pleszkun","176"
"Uhrig","181"
"Ermel","195"
"Monkewich","177"
"Merlo","177"
"Perin","165"
"Schaar","194"
"Harnett","170"
"Giaccio","181"
"Kowalchuk","180"
"Leivant","187"
"Danlos","185"
"Peroz","181"
"Hiltgen","187"
"Begiun","188"
"Anger","190"
"Hiroyama","200"
"Kaminger","191"
"Kushnir","168"
"Jansch","160"
"Rodite","183"
"Maccarone","169"
"Garnick","188"
"Masada","218"
"Linnainmaa","193"
"Velardi","163"
"Sluis","170"
"Berztiss","179"
"Hemaspaandra","170"
"Pagter","179"
"Brandsma","191"
"Kruskal","173"
"Shanbhogue","194"
"Rattan","166"
"Bharadwaj","160"
"Rathonyi","178"
"Dayang","181"
"Merkl","190"
"Esteva","164"
"Prochazka","180"
"Bahi","180"
"Rijckaert","186"
"Randt","183"
"Boyle","197"
"Stille","165"
"Thiran","191"
"Ponthieu","205"
"DiGiano","177"
"Fetvedt","181"
"Rissanen","180"
"Erva","156"
"Rothe","183"
"Antonisse","196"
"Kabayashi","153"
"Murtagh","175"
"Eiter","192"
"Atrawala","175"
"Muntz","195"
"Pocchiola","200"
"Matzel","163"
"Jenevein","208"
"Georgakopoulos","163"
"Yavatkar","169"
"Swift","195"
"Heyers","192"
"Raney","183"
"Andreotta","165"
"Maginnis","169"
"Zedlitz","163"
"Milicic","187"
"Bamford","178"
"Vakili","180"
"Staelin","170"
"Sgarro","200"
"Vernadat","198"
"Thiria","177"
"Baba","226"
"Baez","182"
"Cooman","180"
"Hmelo","159"
"Grandbois","182"
"Ohori","197"
"Ballarin","180"
"McAffer","180"
"Mahmud","181"
"Coorg","223"
"Peron","191"
"Rodier","184"
"Peek","212"
"Tempesti","161"
"Krychniak","179"
"Haraldson","190"
"Rosiles","192"
"Grabner","168"
"Blokdijk","165"
"Cannard","186"
"Melter","173"
"Lorin","190"
"Walston","185"
"Makinen","180"
"Gajiwala","196"
"Monarch","196"
"Miyakawa","176"
"Lamma","200"
"Itzigehl","200"
"Schwabacher","181"
"Luks","164"
"Billingsley","187"
"Knightly","177"
"Kushner","191"
"Randi","192"
"Yamaashi","168"
"Nilsson","160"
"Gerteisen","185"
"Detkin","178"
"Comte","173"
"Strehl","187"
"Shumilov","200"
"Rabehasaina","212"
"Frijda","171"
"Kakkar","196"
"Ashish","190"
"Pews","202"
"Msuda","182"
"Narlikar","184"
"Lorcy","184"
"Smeets","181"
"Raoux","160"
"Belinskaya","187"
"Bashian","181"
"Hennings","174"
"Gecseg","179"
"Bazzichi","188"
"Poupard","198"
"Petersohn","189"
"Tsukuda","185"
"Bala","189"
"Mitsuhashi","159"
"Hedayat","186"
"Imataki","200"
"Erbe","186"
"Ginesta","164"
"Lieberherr","176"
"Sherertz","180"
"Kusalik","187"
"Gini","173"
"Erez","194"
"Tanemo","175"
"Heering","188"
"Miculan","159"
"Foong","179"
"Gluchowski","182"
"Pehl","192"
"Kenevan","171"
"Hockney","179"
"Pargas","189"
"Babu","184"
"Schwartzburd","185"
"Luff","183"
"Koprowski","158"
"Cooley","175"
"Usdin","163"
"Bernardinello","156"
"Cullers","176"
"Oxman","174"
"Matzen","198"
"Savasere","181"
"Kolinko","179"
"Perri","177"
"Erev","166"
"Erdi","201"
"Juneja","194"
"Ghalwash","185"
"Luca","197"
"Hofmeyr","183"
"Provine","151"
"Farrar","189"
"Cheshire","183"
"Samarati","178"
"Nitto","159"
"Veevers","185"
"Syang","196"
"Panienski","208"
"Thorelli","152"
"McConalogue","201"
"Ferriere","169"
"Luan","188"
"Narahari","166"
"Perna","173"
"Stanger","198"
"Denti","188"
"Raczkowsky","182"
"Dulay","189"
"Serra","209"
"Schieder","185"
"Sidhu","180"
"McFarlin","198"
"Alameldin","195"
"Plump","189"
"Honiden","175"
"Delgrande","188"
"Fiutem","174"
"Litvinov","184"
"Feinberg","203"
"Kobara","194"
"Valtorta","185"
"Schnelling","165"
"Levergood","161"
"Picel","195"
"Lakshmanan","168"
"Dulli","151"
"Veeraraghavan","183"
"Worfolk","193"
"Auria","182"
"Marciano","165"
"Birdsall","183"
"Garnham","205"
"Poehlman","182"
"Collavizza","167"
"Karunanithi","184"
"Schreiter","200"
"Janetzko","172"
"Demeyer","166"
"Linares","204"
"DuBourdieux","180"
"Famili","187"
"Stenning","183"
"Denis","165"
"Lorys","189"
"Oberman","188"
"Furedi","191"
"Rossi","176"
"Brodal","184"
"Brickell","178"
"Heusch","181"
"Sigstam","175"
"Leonhardt","173"
"Braccini","197"
"Gips","167"
"Serdy","167"
"Colorni","193"
"Steenbeek","190"
"Merel","197"
"Doering","203"
"Malabarba","209"
"Couchot","162"
"Cincotta","180"
"Uehara","189"
"Baby","197"
"Azuma","174"
"Etalle","174"
"Suwa","165"
"Wrigley","195"
"Shackell","169"
"Driscoll","210"
"Pouyioutas","177"
"Apsitis","192"
"Sewelson","178"
"Sambasivam","174"
"Crelier","193"
"Veldwijk","174"
"Aingworth","172"
"Pero","164"
"Servieres","199"
"Spell","170"
"Ranst","153"
"Brlek","178"
"Syrzycki","174"
"Snedden","200"
"Mersereau","172"
"Baaleh","162"
"Rissland","188"
"Pelc","201"
"Moehrke","164"
"Slobodova","199"
"Ullian","176"
"Munawer","199"
"Khamsi","198"
"Selvestrel","191"
"Ventosa","211"
"Pearson","159"
"Shrader","204"
"Perly","189"
"Kopetz","161"
"Ranon","181"
"Burnard","167"
"Hambrick","184"
"Itzfeldt","190"
"Uhrik","182"
"Back","182"
"Gewali","209"
"Barvinok","185"
"Curless","199"
"Guting","197"
"Beutelspacher","180"
"Farrag","179"
"Baaz","192"
"Zockler","173"
"Lamba","207"
"Flowers","209"
"Spelt","197"
"Peral","177"
"Katalagarianos","179"
"Wiegley","167"
"Cyre","175"
"Kampfer","197"
"Vrecion","172"
"Barbanera","192"
"Marletta","170"
"Kalorkoti","201"
"Schahn","176"
"Hegner","164"
"Barriga","211"
"Valette","189"
"Bennis","180"
"Quaggetto","173"
"Werthner","179"
"Vasanthakumar","183"
"Eiron","187"
"Masaki","184"
"Nivat","162"
"Hasenauer","176"
"Murtafg","178"
"Paciorek","185"
"Peir","186"
"Bach","191"
"Azevdeo","166"
"Beetstra","200"
"Tsukune","180"
"Karnin","202"
"Rusmann","173"
"Falby","178"
"Perl","183"
"Bolotov","188"
"Puppe","179"
"Zyda","181"
"Skogmar","163"
"Hertweck","193"
"Baig","162"
"Eldridge","174"
"Baezner","190"
"Auyong","200"
"Biros","173"
"Fontan","192"
"Wilfing","179"
"Codenie","184"
"Speek","200"
"Emmart","215"
"Gente","211"
"Genther","201"
"Fandrianto","172"
"Rouquie","201"
"Tzvieli","174"
"Cyne","181"
"Schrooten","170"
"Marchegay","173"
"Bage","174"
"Quadeer","196"
"Marrakchi","195"
"Gecsel","174"
"Polupanov","156"
"Kroon","160"
"Papastamatiou","175"
"Kusakabe","194"
"Kugler","176"
"Pettis","216"
"Fujisawa","181"
"Alencar","170"
"Ambroszkiewicz","173"
"Bellmore","189"
"Shokrollahi","179"
"Speckmann","199"
"Grospietsch","196"
"Wolniewicz","213"
"Binkley","178"
"Stifter","213"
"Maraist","200"
"Shobatake","170"
"Nollmann","151"
"Cannane","174"
"Albarhamtoshy","201"
"Holburn","184"
"Basagni","194"
"Undy","177"
"Magliocco","178"
"Whittlesey","172"
"Erman","166"
"Larfeldt","191"
"Cannata","174"
"Crabtree","184"
"Guenter","182"
"Mellouli","195"
"Lichtner","181"
"Lipner","187"
"Theuretzbacher","168"
"Shimshoni","205"
"Kalsbeek","175"
"Legleitner","204"
"Aloia","208"
"Piveteau","198"
"Schach","196"
"Besancenot","182"
"Zastre","160"
"Deville","197"
"Schmezko","160"
"Suermann","182"
"Lunt","209"
"Antonakopoulos","197"
"Kaiser","187"
"Vitiello","180"
"Rodiger","179"
"Heinisuo","172"
"Pellegrinelli","160"
"Wursthorn","193"
"Georgatos","148"
"Thombley","172"
"Hutter","171"
"Swab","161"
"Baik","162"
"Lammel","182"
"Wroclawski","192"
"Pileggi","166"
"Serot","171"
"Molenkamp","189"
"Trogemann","179"
"Bierman","187"
"Srimani","197"
"Berstel","173"
"Iivonen","194"
"Reistad","183"
"Ferretti","189"
"Steinauer","179"
"Jeansoulin","184"
"Cappelletti","183"
"Krohm","191"
"Whitcomb","204"
"Halevi","172"
"Boguraev","214"
"Simkin","196"
"Bahr","191"
"Improta","178"
"Hammerschmidt","200"
"Tchuente","188"
"Yetim","170"
"Birta","195"
"Rosen","186"
"Rabejac","171"
"Rosch","200"
"Dusink","185"
"Ressouche","188"
"Kulisch","215"
"Rosay","185"
"Tetzlaff","203"
"Luon","179"
"Conti","184"
"Mondadori","180"
"Ruther","180"
"Nanard","194"
"Llado","196"
"Chartres","178"
"Stamatiou","184"
"Biran","202"
"Anandan","190"
"Baumann","155"
"Encarnacion","205"
"Azulay","179"
"Showalter","174"
"Oaver","167"
"Ramsak","167"
"Matzov","205"
"Ossenbruggen","181"
"Hagimont","164"
"Munke","195"
"Xiaoshan","187"
"Ozery","156"
"Schaft","183"
"Keirsey","170"
"Ozeri","179"
"Rosar","150"
"Yurek","202"
"Murillo","182"
"Setlzner","182"
"Dredge","200"
"Huxford","181"
"Menyhert","176"
"Gaughan","206"
"Ladret","179"
"Janocha","169"
"Clemencon","173"
"Swiler","166"
"McClure","179"
"Spataro","181"
"Parveen","198"
"Harbusch","181"
"Nyanchama","187"
"Lenart","187"
"Krogh","182"
"Navazio","171"
"Lambe","165"
"Gilg","181"
"Koshiba","183"
"Schapire","202"
"Mikschl","197"
"Buchter","182"
"Schwartzbauer","151"
"Lampe","168"
"Vadhan","159"
"Jeong","168"
"Badache","170"
"Gustavson","196"
"Lally","185"
"Papsdorf","195"
"Thebaut","193"
"Openshaw","185"
"Boreale","189"
"Petereit","185"
"Pettey","174"
"Kriebel","189"
"Pargaonkar","168"
"Kropp","185"
"Avouris","197"
"Caine","177"
"Reeken","190"
"Picaronny","176"
"Tiemann","199"
"Cherinka","192"
"Markovitch","181"
"Vesna","175"
"Comellas","181"
"Morrow","201"
"Schueller","167"
"Schaad","194"
"Brobst","194"
"Waleschkowski","163"
"Cappelli","185"
"Borovoy","185"
"Schlenzig","174"
"Kumaresan","195"
"Lanteri","173"
"Zschoche","165"
"Ritzmann","165"
"Hofman","199"
"Terkki","180"
"Schlumberger","184"
"Pezzoli","166"
"Hempstead","165"
"Chinin","198"
"Lukaszewicz","176"
"Ramsey","178"
"Bisiani","162"
"Usery","184"
"Pavlopoulou","187"
"Pillow","165"
"Kinley","170"
"Einsfeld","182"
"Douceur","174"
"McDermid","186"
"Vingron","190"
"Syrotiuk","172"
"Horswill","189"
"Rajala","192"
"Munch","190"
"Munos","181"
"Olano","183"
"Krzyzanowski","186"
"Delgrange","179"
"Griswold","180"
"Levasseur","178"
"Schusler","201"
"Picco","198"
"Kitai","185"
"Pauthner","171"
"Cairo","177"
"Carrera","158"
"Keohane","190"
"Eppinger","165"
"Trelles","182"
"Suomi","197"
"Rousseau","189"
"Soloway","164"
"Anick","191"
"Ramalingam","159"
"Birch","179"
"Reinhard","176"
"Kaiserswerth","171"
"Beidas","173"
"Pusterhofer","191"
"Leuchs","189"
"Jakobus","193"
"Trystram","191"
"Gomatam","191"
"Munck","180"
"Esposito","184"
"Ratzlaff","182"
"Edelhoff","175"
"Tokunaga","172"
"Talmor","186"
"Radivojevic","200"
"Ranta","197"
"Bresenham","164"
"Leslie","190"
"Salinas","191"
"Thorensen","177"
"Gladwell","168"
"Pelz","197"
"Seiwald","157"
"Gulak","186"
"Setia","196"
"Kading","163"
"Glowinski","172"
"Ranka","172"
"Rajcani","212"
"Leppanen","157"
"Gecsei","208"
"Norsworthy","200"
"Mungall","171"
"Hitomi","199"
"Fioravanti","180"
"Skafidas","199"
"Hebden","179"
"Bernatsky","193"
"Varley","181"
"Hooghiemstra","183"
"Busillo","182"
"Vickson","194"
"Gopalakrishnan","176"
"Maksimenko","215"
"Roccetti","179"
"Laurillard","175"
"Ranze","173"
"Buescher","187"
"Pietracaprina","173"
"Collette","215"
"Zolotykh","183"
"Hennebert","158"
"Merle","162"
"Thummel","202"
"Camarinopoulos","193"
"Tyugu","188"
"Felcyn","187"
"Serre","193"
"Aloisi","164"
"Pappas","165"
"Segond","195"
"Middleton","187"
"Pardalos","176"
"Francisci","189"
"Leaver","196"
"Dalton","162"
"Morris","169"
"Bhattacharjee","198"
"Zucker","185"
"Unni","169"
"Moffat","190"
"Krone","183"
"Azadmanesh","182"
"Tagansky","194"
"Taubman","212"
"Ibel","184"
"Rahier","185"
"Denos","173"
"Tasistro","178"
"Laventhal","189"
"Waymire","188"
"Kavanagh","201"
"Ciolek","197"
"Litzkow","161"
"Pluym","163"
"Vilarrasa","195"
"Vidya","175"
"Wegerle","183"
"Danner","176"
"Muhlberg","185"
"Oppitz","197"
"Merro","147"
"Kolvik","169"
"Stiles","159"
"Heuser","196"
"England","182"
"Greenaway","165"
"Streng","179"
"Bakhtari","178"
"Khalid","191"
"Androutsos","171"
"Cummings","216"
"Luce","210"
"Vieth","156"
"Lueh","169"
"Chenoweth","178"
"Clouatre","201"
"Peyn","190"
"Percebois","182"
"Ducloy","192"
"Varker","174"
"Garrabrants","212"
"Iisaka","181"
"Sanella","170"
"Schwaller","194"
"Glinert","169"
"Binding","180"
"Loncour","176"
"Stavenow","183"
"Berendt","186"
"Schonegge","174"
"Jarecki","178"
"Chaudhuri","181"
"Erdmenger","197"
"Rindone","195"
"Simmel","167"
"Mitina","188"
"Perko","168"
"Alvarado","175"
"Range","173"
"Matheson","195"
"Pashtan","198"
"Weiland","191"
"Seghrouchni","190"
"Piancastelli","169"
"Boissier","174"
"Koblitz","184"
"Baak","182"
"Rajaraman","197"
"Muhling","187"
"Marrevee","185"
"Cangellaris","211"
"Garigliano","187"
"Bondorf","206"
"Kornyak","202"
"Gien","184"
"Godskesen","187"
"Melski","194"
"Roison","171"
"Fairtlough","191"
"Baca","176"
"Vigier","198"
"Broomell","179"
"Gornas","197"
"Peha","174"
"Kuszyk","194"
"Mateescu","170"
"Schaaf","210"
"Spieker","182"
"Zweizig","180"
"Mayerwieser","181"
"Vendrig","181"
"Jiafu","165"
"Waeselynck","183"
"Takanami","181"
"Zeilberger","177"
"Panwar","184"
"Prampolini","153"
"Nishimukai","197"
"Danley","187"
"Litecky","189"
"Vecchio","191"
"Constantine","194"
"Beerel","176"
"Akaboshi","199"
"Bierbaum","163"
"Speer","182"
"Kieras","177"
"Miara","197"
"Impagliazzo","188"
"Hinsberger","187"
"Jahnichen","189"
"Toyoshima","180"
"Hanratty","190"
"Dichev","184"
"Baja","176"
"Ratnakar","186"
"Decleir","188"
"Giarratana","158"
"Montemayor","184"
"Neimat","199"
"Poulakidas","186"
"Zambonelli","151"
"Conry","169"
"Luft","195"
"Akiyama","170"
"Armand","176"
"Sridhar","199"
"Aumann","161"
"Luders","204"
"Milicia","175"
"Lagarias","178"
"Fadgyas","183"
"Lanzelotte","189"
"Christianini","180"
"Crouzet","185"
"Rusterholz","201"
"Arlazarov","168"
"Winter","180"
"Nyrup","172"
"Woycyznski","192"
"Hiyoshi","198"
"Capobianchi","178"
"Bael","180"
"Pfau","200"
"Kilgour","202"
"Copas","163"
"Fraisse","185"
"Thambidurai","167"
"Wilharm","164"
"Nooteboom","181"
"Lorho","203"
"Picht","189"
"Demri","181"
"Dehkordi","183"
"Ghelli","191"
"Basawa","182"
"Majewski","188"
"Lorch","185"
"Babb","166"
"Ecklund","205"
"Michaeli","196"
"Cooke","201"
"Erde","185"
"Plumb","165"
"Brodie","201"
"Chimia","206"
"Jording","176"
"Carrere","196"
"Kusakari","184"
"Hasham","191"
"Desikan","204"
"Negoita","179"
"Stafford","173"
"Rikino","195"
"Chorvat","180"
"Weedman","197"
"Braunschweig","185"
"Maquelin","189"
"Casperson","169"
"Schicker","175"
"Hopewell","155"
"Gadepally","173"
"Sudbeck","222"
"Feldhoffer","177"
"Simmen","192"
"Cardazo","190"
"Peng","182"
"Gihr","202"
"Luit","181"
"Schauser","174"
"Nicolson","167"
"Sinicrope","176"
"Reghbati","185"
"Tischendorf","173"
"Frezza","177"
"Rehfuss","162"
"Verspoor","178"
"Trumbly","177"
"Karner","199"
"Seuren","178"
"Underwood","190"
"Furudate","184"
"Siepmann","212"
"Rullman","171"
"Peot","183"
"Georg","174"
"Haumacher","194"
"Bratten","187"
"Chiodo","181"
"Conte","190"
"Murrill","166"
"Lung","167"
"Joslin","188"
"Remmers","192"
"Riesenhuber","190"
"Huhdanpaa","173"
"Swiss","190"
"Anido","177"
"Ghemri","211"
"Rosenbaum","196"
"Kranzdorf","186"
"Erni","161"
"Ouhyoung","195"
"Wossner","192"
"Makrucki","188"
"Borstler","196"
"Ramras","160"
"Engberts","195"
"Huttel","189"
"Budinsky","189"
"Eugenio","187"
"Orsini","189"
"Bolsens","210"
"Barreiro","175"
"Businaro","183"
"Engelmann","175"
"Broder","181"
"Henseler","172"
"Neiman","218"
"Denna","184"
"Gargeya","189"
"Kawashima","199"
"Asser","211"
"Hellwagner","190"
"Nitsch","173"
"Teitelbaum","166"
"Angel","181"
"Serov","156"
"Bale","182"
"Alblas","193"
"Molenaar","175"
"Benzmuller","187"
"Noriega","191"
"Ananiadou","160"
"Lores","175"
"Qiwen","168"
"Baek","188"
"Peak","191"
"Emiris","190"
"Hoppenstand","200"
"Kornatzky","187"
"Iwayama","200"
"Szemeredi","181"
"Montresor","168"
"Peres","178"
"Botman","178"
"Macedo","164"
"Lowrie","208"
"Ishibashi","203"
"Aamodt","205"
"Trachtenberg","181"
"Bennet","205"
"Orlowski","185"
"Portugali","172"
"Magalhaes","177"
"Koblick","182"
"Gist","193"
"Sundgren","193"
"Callaway","190"
"Sichman","196"
"Fortenbacher","199"
"Himler","170"
"Setiz","170"
"Talmon","182"
"Luiz","166"
"Khalil","191"
"Sessa","170"
"Penn","170"
"Templeman","177"
"Dengi","181"
"Fujisaki","194"
"Ravishankar","155"
"Zwicker","176"
"Uludag","182"
"Jiang","197"
"Gubsky","171"
"Ritcey","156"
"Schrift","159"
"Shinomoto","175"
"Lalonde","198"
"Swist","181"
"Brizzi","167"
"Liesche","190"
"Nourani","177"
"Rubsam","174"
"Conia","196"
"Debuse","183"
"Sabnani","152"
"Takkinen","186"
"Pintelas","174"
"Keustermans","195"
"Pesch","167"
"Angiulli","177"
"Gunderson","181"
"Strooper","178"
"Hoogerwoord","191"
"Bouloucos","195"
"Muchinsky","199"
"Chachaty","187"
"Vanwelkenhuysen","187"
"Staylopatis","190"
"Kirkerud","203"
"Morrey","213"
"Foolsday","1"
"Zizka","180"
"Dalphin","181"
"Rothenberg","191"
"Bratsberg","173"
"Kroft","181"
"Dolinsky","174"
"Suppi","190"
"Baranowski","160"
"Sevcikova","168"
"Sommer","176"
"Heiserman","184"
"Schmiedel","197"
"Scallan","214"
"Smailagic","189"
"Asrin","184"
"Stanfel","201"
"Marchesini","179"
"Gronowski","195"
"Walstra","186"
"Taubenfeld","200"
"Biron","173"
"Peac","183"
"Herath","177"
"Ranft","190"
"Candan","193"
"Radhakrishnan","193"
"Parfitt","191"
"Delaune","165"
"Serna","195"
"Gyimothy","186"
"Riefers","185"
"Kermarrec","178"
"Fiebach","189"
"Lindqvist","190"
"Zykh","148"
"Litzler","171"
"Ulupinar","179"
"Pramanik","212"
"Zaumen","199"
"Denny","175"
"Bugaenko","165"
"Nations","167"
"Cesareni","208"
"Besselaar","188"
"Siprelle","205"
"Karlin","163"
"Luck","182"
"Luby","192"
"Luef","163"
"Lorie","161"
"Hardjono","195"
"Hainaut","176"
"Sadowsky","145"
"Puppo","188"
"Dulin","192"
"Koyama","183"
"Bazelow","179"
"Bressoud","188"
"Zultner","177"
"Redmiles","210"
"Casley","178"
"Brookman","165"
"Yurov","179"
"Perz","172"
"Selenyi","176"
"Barinka","165"
"Standera","161"
"Thisen","169"
"Kobuchi","184"
"Byoun","191"
"Deverell","179"
"Sankaranarayanan","183"
"Waschkowski","181"
"Masand","196"
"Taneja","201"
"Junet","193"
"Lemarechal","158"
"Porotnikoff","164"
"Schmittgen","181"
"Ratnaker","181"
"Christ","193"
"Bojadziev","187"
"Eickenmeyer","192"
"Zobel","162"
"Alpin","204"
"Basart","172"
"Stasinski","183"
"Escriba","183"
"Gammage","199"
"Porenta","175"
"Kilgore","191"
"Validov","173"
"Klassen","190"
"Naumovich","182"
"Schiettecatte","184"
"Bail","180"
"Jullig","190"
"Sifakis","193"
"Vural","175"
"Szmurlo","184"
"Demos","188"
"Gide","172"
"Wixon","169"
"Zhang","163"
"Sudkamp","188"
"Pietrzykowski","183"
"Tramer","203"
"Bernini","178"
"Ellozy","189"
"Cochrane","193"
"Rande","171"
"Gill","184"
"Lamparter","209"
"Duclos","206"
"Eterovic","182"
"Pena","173"
"Siegrist","187"
"Conde","195"
"Cunliffe","177"
"Nitta","180"
"Heydon","172"
"Pepe","179"
"Schlegelmilch","202"
"Danecki","186"
"Ranum","197"
"Benaini","167"
"Geffroy","205"
"McFarlan","166"
"Birsak","190"
"Katiyar","198"
"Unno","194"
"Przulj","189"
"Bultermann","189"
"Brender","196"
"Pollacia","185"
"Jansen","188"
"Merey","196"
"Mullainathan","177"
"Marshall","189"
"Melichar","193"
"Gimbel","200"
"Birnbaum","190"
"Swen","212"
"Aseltine","177"
"Daescu","195"
"Kropf","171"
"Mawatari","199"
"Cusworth","166"
"Limongiello","170"
"Zuberek","209"
"Lichtman","183"
"Pollock","183"
"Isaak","171"
"Dechter","156"
"Snyers","179"
"Rodham","187"
"Kamble","188"
"Fritzsche","167"
"Molberg","183"
"Zaiane","172"
"Munro","160"
"Peris","177"
"Scharstein","189"
"Homond","165"
"Schneeberger","179"
"Roisin","191"
"Vesel","186"
"Vieri","172"
"Mandelberg","156"
"Parascandalo","192"
"Passafiume","176"
"Polajnar","170"
"Perelgut","166"
"Hashii","171"
"Hatcliff","179"
"Frolund","194"
"Nittel","162"
"Plesums","191"
"Fontet","170"
"Rassart","199"
"Atchley","181"
"Reutenauer","188"
"Vidal","175"
"Vuskovic","182"
"Boudaillier","217"
"Castellani","171"
"Bahl","201"
"Szilard","197"
"Yoshimura","169"
"Diderrich","190"
"Gelosh","223"
"Chandrasekhar","185"
"Goodrum","190"
"Gulik","200"
"Flasterstein","181"
"Wallrath","168"
"Stentiford","194"
"Egerstedt","176"
"Chinen","177"
"Poujol","182"
"Matzat","182"
"Baar","189"
"Versino","187"
"Kroha","163"
"Cmelik","183"
"Kuhnemann","195"
"Ramaiah","190"
"Kavvadias","186"
"Suessmith","155"
"Schapiro","181"
"Salverda","190"
"Swan","196"
"Herber","212"
"Passino","183"
"Terwilliger","156"
"Baer","192"
"Chleq","189"
"Goldhammer","186"
"Heijenga","160"
"Gonthier","151"
"Decaestecker","185"
"Vecchi","191"
"Schaap","196"
"Wuwongse","167"
"Condotta","169"
"Peck","177"
"Cappello","175"
"Marquardt","191"
"Chappelet","176"
"Garnier","207"
"Vandervoorde","177"
"Itschner","174"
"VanScheik","162"
"Kemmerer","192"
"Mapelli","191"
"Kamber","211"
"Acton","189"
"Papadias","196"
"Ozeki","184"
"Pulkowski","186"
"Wynblatt","201"
"Anily","182"
"Peltason","194"
"Bauknecht","168"
"Kakkad","185"
"dAstous","166"
"Madeira","190"
"Sidou","191"
"Kohling","190"
"Emmerich","168"
"Highland","189"
"Radwan","178"
"Meriste","196"
"Senzako","192"
"Bugrara","200"
"Zeidenstein","187"
"Klerer","183"
"Ertl","192"
"Morton","172"
"Akazan","207"
"Jumpertz","182"
"Lyonns","160"
"Wendorf","217"
"Granlund","197"
"Brendel","185"
"Badr","169"
"Alpay","183"
"Schade","184"
"Verhoeff","170"
"Ligten","180"
"Angot","178"
"Millington","189"
"Birjandi","215"
"Restivo","178"
"Lund","170"
"Meszaros","186"
"Murthy","167"
"Yetto","169"
"Varman","182"
"Benantar","186"
"Renear","182"
"Krichel","185"
"Lindenbaum","200"
"Farrel","170"
"Backhouse","189"
"Chiola","179"
"Bergere","175"
"Chelton","181"
"Heuter","192"
"Thibadeau","172"
"Ranai","185"
"Harllee","184"
"Morrin","193"
"Flanders","173"
"Miake","191"
"Falster","170"
"Gruenwald","185"
"Servi","196"
"Mukaidono","201"
"Hartvigsen","196"
"Kadhim","163"
"Warwick","199"
"Marsiglia","166"
"Nergos","171"
"Lunn","175"
"Quittner","181"
"Compeau","184"
"Murtha","188"
"Luga","179"
"Hettesheimer","199"
"Saoudi","176"
"Isard","187"
"Sullins","180"
"Farris","222"
"Kragelund","163"
"Eastman","178"
"Argence","204"
"Pell","172"
"Zielinski","172"
"Genin","152"
"Felder","178"
"Velasco","187"
"Viele","197"
"Puoti","168"
"Tomescu","192"
"Asmuth","181"
"Crooks","187"
"Yemenis","181"
"Nannarelli","200"
"Lovengreen","183"
"Penz","188"
"Demizu","176"
"Gulla","164"
"Birge","194"
"Claffy","182"
"Sommen","175"
"Gurbaxani","185"
"Ramsay","203"
"Yoshizawa","188"
"Hofstetter","196"
"Hofting","194"
"Jayawardene","177"
"Assaf","174"
"Chaudhury","184"
"Bednarek","198"
"Brattka","185"
"Kawashimo","188"
"Choobineh","174"
"Benner","158"
"Shiratori","204"
"Marzano","160"
"Merli","186"
"Potthoff","174"
"Heping","176"
"Oehlmann","163"
"Bernick","174"
"Lienhardt","175"
"Silva","186"
"Kossowski","178"
"Falco","179"
"Solovay","178"
"Coombs","176"
"Siochi","189"
"Kleiser","193"
"Ghazalie","198"
"Krohn","175"
"Hebert","206"
"Demian","187"
"Lodder","171"
"Stassinopoulos","193"
"Champarnaud","203"
"Turnbull","179"
"Ginneken","178"
"Landherr","198"
"Deyuan","173"
"Reinhart","181"
"Preusig","187"
"Sury","164"
"Picci","175"
"Terlouw","183"
"Fasbender","180"
"Bardell","177"
"Masamoto","173"
"Emden","205"
"Coney","175"
"Dymetman","179"
"Mitchem","186"
"Coors","204"
"Stroustrup","188"
"Roohalamini","175"
"Gniady","168"
"Coullard","166"
"Mitzlaff","200"
"Flexer","175"
